{"cameraMode":{"drawMode":0,"name":"Shaded","section":"Shading Mode"},"sceneLighting":false,"audioPlay":false,"sceneViewState":{"m_AlwaysRefresh":false,"showFog":true,"showSkybox":true,"showFlares":true,"showImageEffects":true,"showParticleSystems":true,"showVisualEffectGraphs":true,"m_FxEnabled":true},"in2DMode":false,"pivot":{"x":8.04561710357666,"y":3.7237050533294679,"z":-4.346313953399658},"rotation":{"x":0.012459926307201386,"y":0.9732077121734619,"z":-0.22306042909622193,"w":0.05436229705810547},"size":-0.1488962173461914,"orthographic":false}